{
  "iteration": 23,
  "alpha_lambda": 1.0,
  "alpha_mu": 1.0,
  "R_lambda_active": 0.0001,
  "R_mu_active": 0.0001,
  "J_history": [
    8.216228621320858e+21,
    8.21622853947638e+21,
    8.124602012395507e+21,
    8.057279467314852e+21,
    8.056196820239464e+21,
    8.025518184054598e+21,
    8.013296012727585e+21,
    8.003673732590632e+21,
    7.988019425502451e+21,
    7.93827708827927e+21,
    7.831800040081125e+21,
    7.773320571021832e+21,
    7.745756758577196e+21,
    7.695998297089799e+21,
    7.663355601251622e+21,
    7.632623113343692e+21,
    7.528000880637668e+21,
    7.492285366430241e+21,
    7.45960817009821e+21,
    7.432384999315535e+21,
    7.367449339801993e+21,
    7.300070232754801e+21,
    7.259756557457991e+21,
    7.214082194726093e+21
  ],
  "accepted": true,
  "dir_deriv_lambda": -2540080320474514.5,
  "dir_deriv_mu": -1128944694926940.8,
  "dir_deriv": -3669025015401455.0
}